date,product,region,quantity,unit_price,sales_amount
2025-08-01,Standing Desk Frame,Central,1,428,428
2025-08-07,Standing Desk Frame,Central,1,427,427
2025-08-08,Ergonomic Office Chair,Central,3,214,642
2025-08-08,Monitor Privacy Filter,South,3,23,69
2025-08-12,Standing Desk Frame,Central,1,425,425
2025-08-24,Monitor Privacy Filter,West,4,29,116
2025-08-28,Monitor Privacy Filter,South,2,24,48
2025-09-12,Ergonomic Office Chair,East,5,252,1260
2025-09-23,Ergonomic Office Chair,East,7,182,1274
2025-10-03,Monitor Arm Pivot,East,12,85,1020
2025-10-04,Cable Management Kit,Central,7,25,175
2025-10-04,Executive Desk Organizer,South,1,55,55
2025-10-07,Cable Management Kit,West,14,23,322
2025-10-08,Ergonomic Mouse Pad,North,6,39,234
2025-10-11,Cable Management Kit,South,5,23,115
2025-10-15,Executive Desk Organizer,South,2,36,72
2025-10-16,Ergonomic Mouse Pad,Central,3,30,90
2025-10-20,Cable Management Kit,South,4,27,108
2025-10-21,LED Desk Lamp,East,3,49,147
2025-11-05,Ergonomic Office Chair,South,9,204,1836
2025-11-05,Monitor Privacy Filter,Central,2,37,74
2025-11-08,Ergonomic Office Chair,South,7,260,1820
2025-11-11,Ergonomic Office Chair,South,8,232,1856
2025-11-17,Ergonomic Mouse Pad,North,3,34,102
2025-11-18,Monitor Privacy Filter,North,3,23,69
2025-11-23,Monitor Privacy Filter,North,2,31,62
2025-11-25,Ergonomic Mouse Pad,East,6,39,234
2025-12-06,Standing Desk Frame,North,1,403,403
2025-12-15,Executive Desk Organizer,East,13,45,585
2025-12-18,Monitor Arm Pivot,East,1,70,70
2025-12-20,Executive Desk Organizer,West,8,51,408
2025-12-21,Standing Desk Frame,North,1,480,480
2025-12-22,Monitor Arm Pivot,East,3,73,219
2025-12-23,Standing Desk Frame,North,2,387,774
2026-01-02,Standing Desk Frame,South,1,383,383
2026-01-08,Monitor Privacy Filter,Central,1,31,31
2026-01-09,LED Desk Lamp,South,8,53,424
2026-01-13,LED Desk Lamp,South,7,62,434
2026-01-20,LED Desk Lamp,South,8,52,416
2026-01-20,Monitor Privacy Filter,West,4,37,148
